question,correct_answer,incorrect_1,incorrect_2,incorrect_3
"Theo Luật Luật tổ chức VKSND 2014, Nhiệm vụ, quyền hạn của Viện kiểm sát nhân dân khi kiểm sát hoạt động tư pháp trong giai đoạn truy tố là:","Kiến nghị cơ quan, tổ chức hữu quan áp dụng biện pháp phòng ngừa tội phạm và vi phạm pháp luật",Tất cả đều đúng,"Quyết định truy tố, không truy tố bị can","Quyết định gia hạn, không gia hạn thời hạn truy tố, thời hạn áp dụng các biện pháp ngăn chặn"
"Theo Luật Luật tổ chức VKSND 2014, Nhiệm vụ, quyền hạn của Viện kiểm sát nhân dân khi kiểm sát hoạt động tư pháp trong giai đoạn truy tố là:","Kiểm sát hoạt động tố tụng hình sự của người tham gia tố tụng; yêu cầu, kiến nghị cơ quan, tổ chức, cá nhân có thẩm quyền xử lý nghiêm minh người tham gia tố tụng vi phạm pháp luật",Tất cả đều đúng,"Quyết định truy tố, không truy tố bị can","Quyết định gia hạn, không gia hạn thời hạn truy tố, thời hạn áp dụng các biện pháp ngăn chặn"
"Theo Luật Luật tổ chức VKSND 2014, Nhiệm vụ, quyền hạn của Viện kiểm sát nhân dân khi kiểm sát hoạt động tư pháp trong giai đoạn truy tố là:","Kiến nghị cơ quan, tổ chức hữu quan áp dụng biện pháp phòng ngừa tội phạm và vi phạm pháp luật","Yêu cầu cơ quan, tổ chức, cá nhân cung cấp tài liệu liên quan đến vụ án trong trường hợp cần thiết.","Trực tiếp tiến hành một số hoạt động điều tra nhằm kiểm tra, bổ sung tài liệu, chứng cứ để quyết định việc truy tố hoặc khi Tòa án yêu cầu điều tra bổ sung mà xét thấy không cần phải trả hồ sơ cho Cơ quan điều tra","Quyết định khởi tố, thay đổi, bổ sung quyết định khởi tố vụ án, khởi tố bị can trong trường hợp phát hiện vụ án còn có hành vi phạm tội, người phạm tội khác chưa được khởi tố, điều tra và trả hồ sơ cho Cơ quan điều tra để điều tra bổ sung"
"Theo Luật Luật tổ chức VKSND 2014, Nhiệm vụ, quyền hạn của Viện kiểm sát nhân dân khi kiểm sát hoạt động tư pháp trong giai đoạn truy tố là:","Kiểm sát hoạt động tố tụng hình sự của người tham gia tố tụng; yêu cầu, kiến nghị cơ quan, tổ chức, cá nhân có thẩm quyền xử lý nghiêm minh người tham gia tố tụng vi phạm pháp luật","Yêu cầu cơ quan, tổ chức, cá nhân cung cấp tài liệu liên quan đến vụ án trong trường hợp cần thiết.","Trực tiếp tiến hành một số hoạt động điều tra nhằm kiểm tra, bổ sung tài liệu, chứng cứ để quyết định việc truy tố hoặc khi Tòa án yêu cầu điều tra bổ sung mà xét thấy không cần phải trả hồ sơ cho Cơ quan điều tra","Quyết định khởi tố, thay đổi, bổ sung quyết định khởi tố vụ án, khởi tố bị can trong trường hợp phát hiện vụ án còn có hành vi phạm tội, người phạm tội khác chưa được khởi tố, điều tra và trả hồ sơ cho Cơ quan điều tra để điều tra bổ sung"
"Theo Luật Luật tổ chức VKSND 2014, Lời tuyên thệ của Người được bổ nhiệm vào các ngạch Kiểm sát viên là:","Tuyệt đối trung thành với Tổ quốc, tận tụy phục vụ nhân dân","Bảo đảm tính hệ thống, thống nhất, liên tục, thông suốt và hiệu quả.",Tất cả đều đúng,"Công khai, minh bạch, đúng thẩm quyền và có sự kiểm tra, giám sát."
"Theo Luật Luật tổ chức VKSND 2014, Lời tuyên thệ của Người được bổ nhiệm vào các ngạch Kiểm sát viên là:",Đấu tranh không khoan nhượng với mọi tội phạm và vi phạm pháp luật,"Bảo đảm tính hệ thống, thống nhất, liên tục, thông suốt và hiệu quả.",Tất cả đều đúng,"Tuyệt đối trung thành với Tổ quốc, tận tụy phục vụ nhân dân"
"Theo Luật Luật tổ chức VKSND 2014, Số lượng Kiểm sát viên Viện kiểm sát nhân dân tối cao không quá bao nhiêu người?",19,20,21,18
"Theo Luật Luật tổ chức VKSND 2014, Kinh phí hoạt động của Viện kiểm sát quân sự do ai quyết định?",Quốc hội,Ủy ban thường vụ Quốc hội,Chính phủ,Chủ tịch nước
"Theo Luật Luật tổ chức VKSND 2014, Chủ thể nào biệt phái Kiểm sát viên, Điều tra viên, Kiểm tra viên, quân nhân khác, công chức, viên chức của Viện kiểm sát quân sự đến làm việc ở cơ quan nhà nước hoặc đơn vị khác theo yêu cầu nhiệm vụ?",Bộ trưởng Bộ Quốc phòng,Ủy ban thường vụ Quốc hội,Tư lệnh quân khu và tương đương,Viện trưởng Viện kiểm sát nhân dân tối cao
"Theo Luật Luật tổ chức VKSND 2014, Viện trưởng Viện kiểm sát nhân dân tối cao có trách nhiệm báo cáo đơn vị nào công tác giải quyết khiếu nại, tố cáo trong hoạt động tư pháp?",Quốc hội,Chính phủ,Chủ tịch nước,Ủy ban thường vụ Quốc hội
"Theo Luật Luật tổ chức VKSND 2014, Cơ quan, người có thẩm quyền trong việc tạm giữ, tạm giam phải chuyển cho Viện kiểm sát nhân dân khiếu nại, tố cáo của người bị tạm giữ, tạm giam trong thời hạn bao nhiêu giờ, kể từ khi nhận được khiếu nại, tố cáo?",24,48,36,12
"Theo Luật Luật tổ chức VKSND 2014, Kinh phí hoạt động của Viện kiểm sát nhân dân do ai quyết định?",Quốc hội,Ủy ban thường vụ Quốc hội,Chính phủ,Chủ tịch nước
"Theo Luật Luật tổ chức VKSND 2014, Phó thủ trưởng Cơ quan điều tra Viện kiểm sát nhân dân tối cao do ai bổ nhiệm, miễn nhiệm, cách chức?",Viện trưởng Viện kiểm sát nhân dân tối cao,Ủy ban thường vụ Quốc hội,Chính phủ,Chủ tịch nước
"Theo Luật Luật tổ chức VKSND 2014, Chủ tịch Hội đồng thi tuyển Kiểm sát viên sơ cấp, Kiểm sát viên trung cấp, Kiểm sát viên cao cấp là?",Viện trưởng Viện kiểm sát nhân dân tối cao,đại diện lãnh đạo Bộ Quốc phòng,Viện trưởng Viện kiểm sát nhân dân cấp cao,Ủy ban Thường vụ Quốc hội
"Theo Luật Luật tổ chức VKSND 2014, Người được bổ nhiệm vào các ngạch Kiểm sát viên phải tuyên thệ mấy nội dung:",5,4,6,7
"Theo Luật Luật tổ chức VKSND 2014, Kiểm sát viên được bổ nhiệm lần đầu có thời hạn là mấy năm?",5,10,3,4
"Theo Luật Luật tổ chức VKSND 2014, Nhiệm kỳ của Kiểm sát viên được bổ nhiệm lại hoặc nâng ngạch thì thời hạn là mấy năm?",10,7,5,9
"Theo Luật Luật tổ chức VKSND 2014, Tiêu chuẩn bổ nhiệm Kiểm sát viên cao cấp là:",Đã trúng tuyển kỳ thi vào ngạch Kiểm sát viên cao cấp,"Có năng lực thực hành quyền công tố, kiểm sát hoạt động tư pháp",Có thời gian làm công tác pháp luật từ 07 năm trở lên,
"Theo Luật Luật tổ chức VKSND 2014, Tiêu chuẩn bổ nhiệm Kiểm sát viên cao cấp là:",Đã là Kiểm sát viên trung cấp ít nhất 05 năm,"Có năng lực thực hành quyền công tố, kiểm sát hoạt động tư pháp",Có thời gian làm công tác pháp luật từ 07 năm trở lên,Đã trúng tuyển kỳ thi vào ngạch Kiểm sát viên cao cấp
"Theo Luật Luật tổ chức VKSND 2014, Nhiệm vụ, quyền hạn của Viện kiểm sát nhân dân khi kiểm sát xét xử vụ án hình sự là?",tất cả đều đúng,"Kháng nghị bản án, quyết định của Tòa án có vi phạm nghiêm trọng về thủ tục tố tụng","Kiểm sát hoạt động tố tụng hình sự của người tham gia tố tụng; yêu cầu, kiến nghị cơ quan, tổ chức có thẩm quyền xử lý nghiêm minh người tham gia tố tụng vi phạm pháp luật.","Yêu cầu Tòa án cùng cấp, cấp dưới chuyển hồ sơ vụ án hình sự để xem xét, quyết định việc kháng nghị."
"Theo Luật Luật tổ chức VKSND 2014, Thủ trưởng Cơ quan điều tra Viện kiểm sát nhân dân tối cao do ai bổ nhiệm, miễn nhiệm, cách chức?",Viện trưởng Viện kiểm sát nhân dân tối cao,Chính phủ,Chủ tịch nước,Ủy ban thường vụ Quốc hội
"Theo Luật Luật tổ chức VKSND 2014, Tiêu chuẩn bổ nhiệm Kiểm sát viên cao cấp là:",Đã trúng tuyển kỳ thi vào ngạch Kiểm sát viên cao cấp,Đã là Kiểm sát viên trung cấp ít nhất 05 năm,Đã là Kiểm sát viên trung cấp ít nhất 07 năm,Đã là Kiểm sát viên trung cấp ít nhất 04 năm
"Theo Luật Luật tổ chức VKSND 2014, Tiêu chuẩn bổ nhiệm Kiểm sát viên cao cấp là:",Đã là Kiểm sát viên trung cấp ít nhất 05 năm,Đã là Kiểm sát viên trung cấp ít nhất 07 năm,Đã là Kiểm sát viên trung cấp ít nhất 04 năm,Đã là Kiểm sát viên trung cấp ít nhất 03 năm
"Theo Luật Luật tổ chức VKSND 2014, Kiểm sát viên đương nhiên bị cách chức chức danh Kiểm sát viên khi nào?",Khi bị kết tội bằng bản án của Tòa án đã có hiệu lực pháp luật,Tất cả đều đúng,"Khi Vi phạm trong khi thực hành quyền công tố, kiểm sát hoạt động tư pháp",Khi Vi phạm về phẩm chất đạo đức
"Theo Luật Luật tổ chức VKSND 2014, Chế độ tiền lương đối với Kiểm sát viên, Điều tra viên, Kiểm tra viên, quân nhân khác, công chức, viên chức và người lao động khác của Viện kiểm sát quân sự:",thực hiện theo chế độ của quân đội,do Ủy ban thường vụ Quốc hội quyết định,do Viện trưởng Viện kiểm sát nhân dân tối cao quyết định,do Chính phủ
"Theo Luật Luật tổ chức VKSND 2014, Kiểm tra viên có những nhiệm vụ, quyền hạn nào sau đây:",tất cả đều đúng,"Giúp Kiểm sát viên thực hiện hoạt động khác khi thực hành quyền công tố, kiểm sát hoạt động tư pháp","Nghiên cứu hồ sơ vụ, việc và báo cáo kết quả với Kiểm sát viên","Lập hồ sơ kiểm sát vụ, việc"
"Theo Luật Luật tổ chức VKSND 2014, Chủ thể nào điều động, luân chuyển Kiểm sát viên, Kiểm tra viên, quân nhân khác, công chức, viên chức giữa các Viện kiểm sát quân sự không cùng quân khu và tương đương?",Bộ trưởng Bộ Quốc phòng,Ủy ban thường vụ Quốc hội,Tư lệnh quân khu và tương đương,Viện trưởng Viện kiểm sát nhân dân tối cao
"Theo Luật Luật tổ chức VKSND 2014, Những việc Kiểm sát viên không được làm",tất cả đều đúng,"Đưa hồ sơ, tài liệu của vụ án, vụ việc ra khỏi cơ quan nếu không vì nhiệm vụ được giao hoặc không được sự đồng ý của người có thẩm quyền","Những việc mà pháp luật quy định cán bộ, công chức không được làm",
"Theo Luật Luật tổ chức VKSND 2014, Kiểm sát viên đương nhiên được miễn nhiệm chức danh Kiểm sát viên khi nào?",do chuyển ngành,Vì hoàn cảnh gia đình,vì lý do khác mà xét thấy không thể hoàn thành nhiệm vụ được giao,Vì lý do sức khỏe
"Theo Luật Luật tổ chức VKSND 2014, Chủ thể nào quyết định điều động, luân chuyển công chức giữa các Viện kiểm sát nhân dân trong cùng một tỉnh, thành phố trực thuộc trung ương?",Viện trưởng Viện kiểm sát nhân dân cấp tỉnh,Viện trưởng Viện kiểm sát nhân dân cấp huyện,Viện trưởng Viện kiểm sát nhân dân cấp cao,Viện kiểm sát nhân dân cấp tỉnh
"Theo Luật Luật tổ chức VKSND 2014, Trụ sở, trang thiết bị, phương tiện làm việc của Viện kiểm sát quân sự do ai bảo đảm?",Chính phủ,Bộ trưởng Bộ Quốc phòng,Chủ tịch nước,Ủy ban thường vụ Quốc hội
"Theo Luật Luật tổ chức VKSND 2014, Hội đồng tuyển chọn Kiểm sát viên Viện kiểm sát nhân dân tối cao gồm có Chủ tịch là chỉ thể nào?",Viện trưởng Viện kiểm sát nhân dân tối cao,Trung ương Hội luật gia Việt Nam,Ủy ban Thường vụ Quốc hội,đại diện lãnh đạo Bộ Quốc phòng
"Theo Luật Luật tổ chức VKSND 2014, Lời tuyên thệ của Người được bổ nhiệm vào các ngạch Kiểm sát viên là:","Tuyệt đối trung thành với Tổ quốc, tận tụy phục vụ nhân dân","Bảo đảm sự lãnh đạo của Đảng Cộng sản Việt Nam, sự quản lý của Nhà nước","Không ngừng phấn đấu, học tập và làm theo lời dạy của Chủ tịch Hồ Chí Minh “Công minh, chính trực, khách quan, thận trọng, khiêm tốn”",Tất cả đều đúng
"Theo Luật Luật tổ chức VKSND 2014, Lời tuyên thệ của Người được bổ nhiệm vào các ngạch Kiểm sát viên là:",Đấu tranh không khoan nhượng với mọi tội phạm và vi phạm pháp luật,"Bảo đảm sự lãnh đạo của Đảng Cộng sản Việt Nam, sự quản lý của Nhà nước","Không ngừng phấn đấu, học tập và làm theo lời dạy của Chủ tịch Hồ Chí Minh “Công minh, chính trực, khách quan, thận trọng, khiêm tốn”",Tất cả đều đúng
"Theo Luật Luật tổ chức VKSND 2014, Kiểm tra viên không có ngạch nào sau đây",Kiểm tra viên trung cấp,Kiểm tra viên chính,Kiểm tra viên,Kiểm tra viên cao cấp
"Theo Luật Luật tổ chức VKSND 2014, Nhiệm vụ, quyền hạn của Viện trưởng Viện kiểm sát nhân dân tối cao là:",tất cả đều đúng,"Bổ nhiệm, miễn nhiệm, cách chức iểm sát viên sơ cấp",cách chức Kiểm sát viên trung cấp,Bổ nhiệm Kiểm sát viên cao cấp
"Theo Luật Luật tổ chức VKSND 2014, Nhiệm vụ, quyền hạn của Viện trưởng Viện kiểm sát nhân dân tối cao là:","đề nghị Ủy ban thường vụ Quốc hội giải thích Hiến pháp, luật, pháp lệnh","Bổ nhiệm, miễn nhiệm, cách chức iểm sát viên sơ cấp",tất cả đều đúng,cách chức Kiểm sát viên trung cấp
"Theo Luật Luật tổ chức VKSND 2014, Nhiệm vụ, quyền hạn của Viện trưởng Viện kiểm sát nhân dân tối cao là:",Chịu trách nhiệm và báo cáo công tác trước Quốc hội,"Bổ nhiệm, miễn nhiệm, cách chức iểm sát viên sơ cấp",tất cả đều đúng,cách chức Kiểm sát viên trung cấp
"Theo Luật Luật tổ chức VKSND 2014, Nhiệm vụ, quyền hạn của Viện trưởng Viện kiểm sát nhân dân tối cao là:",tất cả đều đúng,đề nghị Ủy ban thường vụ Quốc hội giải thích Lệnh,"đề nghị Ủy ban thường vụ Quốc hội giải thích Hiến pháp, luật, pháp lệnh","đề nghị Quốc hội giải thích Hiến pháp, luật, pháp lệnh"
"Theo Luật Luật tổ chức VKSND 2014, Nhiệm vụ, quyền hạn của Viện trưởng Viện kiểm sát nhân dân tối cao là:","đề nghị Ủy ban thường vụ Quốc hội giải thích Hiến pháp, luật, pháp lệnh",đề nghị Ủy ban thường vụ Quốc hội giải thích Lệnh,"đề nghị Quốc hội giải thích Hiến pháp, luật, pháp lệnh","trả lời chất vấn, kiến nghị, yêu cầu của Chính phủ"
"Theo Luật Luật tổ chức VKSND 2014, Nhiệm vụ, quyền hạn của Viện trưởng Viện kiểm sát nhân dân tối cao là:",Chịu trách nhiệm và báo cáo công tác trước Quốc hội,đề nghị Ủy ban thường vụ Quốc hội giải thích Lệnh,"đề nghị Ủy ban thường vụ Quốc hội giải thích Hiến pháp, luật, pháp lệnh","đề nghị Quốc hội giải thích Hiến pháp, luật, pháp lệnh"
"Theo Luật Luật tổ chức VKSND 2014, Tiêu chuẩn bổ nhiệm Kiểm sát viên trung cấp là:",Đã là Kiểm sát viên sơ cấp ít nhất 05 năm,Đã là Kiểm sát viên sơ cấp ít nhất 04 năm,Đã là Kiểm sát viên sơ cấp ít nhất 03 năm,Đã là Kiểm sát viên sơ cấp ít nhất 07 năm
"Theo Luật Luật tổ chức VKSND 2014, Viện kiểm sát quân sự trung ương có Viện trưởng là ngạch Kiểm sát viên loại nào?",Kiểm sát viên Viện kiểm sát nhân dân tối cao,Kiểm sát viên cao cấp,Kiểm sát viên chính,Kiểm sát viên Viện kiểm sát nhân dân tối cao hoặc Kiểm sát viên cao cấp
"Theo Luật Luật tổ chức VKSND 2014, Kiểm sát viên, Điều tra viên, Kiểm tra viên của Viện kiểm sát quân sự được cấp trang phục theo chế độ của đơn vị nào?",quân đội,Viện kiểm sát,Tòa án,Chính phủ
"Theo Luật Luật tổ chức VKSND 2014, Nhiệm vụ, quyền hạn của Viện kiểm sát nhân dân khi thực hành quyền công tố trong giai đoạn truy tố là?","Quyết định gia hạn, không gia hạn thời hạn truy tố, thời hạn áp dụng các biện pháp ngăn chặn","Kiểm sát hoạt động tố tụng hình sự của người tham gia tố tụng; yêu cầu, kiến nghị cơ quan, tổ chức, cá nhân có thẩm quyền xử lý nghiêm minh người tham gia tố tụng vi phạm pháp luật.",Tất cả đều đúng,"Kiến nghị cơ quan, tổ chức hữu quan áp dụng biện pháp phòng ngừa tội phạm và vi phạm pháp luật"
"Theo Luật Luật tổ chức VKSND 2014, Tiêu chuẩn bổ nhiệm, điều kiện nâng ngạch Kiểm tra viên do ………quy định",Ủy ban thường vụ Quốc hội,Thủ tướng,Chính phủ,Viện trưởng Viện kiểm sát nhân dân tối cao
"Theo Luật Luật tổ chức VKSND 2014, Tiêu chuẩn bổ nhiệm Kiểm sát viên sơ cấp là:",Có thời gian làm công tác pháp luật từ 04 năm trở lên,Có thời gian làm công tác pháp luật từ 07 năm trở lên,Có thời gian làm công tác pháp luật từ 05 năm trở lên,Có thời gian làm công tác pháp luật từ 03 năm trở lên
"Theo Luật Luật tổ chức VKSND 2014, Chế độ tiền lương đối với Kiểm sát viên, Điều tra viên, Kiểm tra viên của Viện kiểm sát nhân dân do ……..quyết định",Ủy ban thường vụ Quốc hội,Chính phủ,Quốc hội,Viện trưởng Viện kiểm sát nhân dân tối cao
"Theo Luật Luật tổ chức VKSND 2014, Chủ thể nào quy định chế độ cấp phát và sử dụng trang phục ngành Kiểm sát nhân dân, phù hiệu, cấp hiệu của Lãnh đạo Viện kiểm sát nhân dân các cấp?",Ủy ban thường vụ Quốc hội,Viện trưởng Viện kiểm sát nhân dân tối cao,Viện kiểm sát nhân dân tối cao,Chính phủ
"Theo Luật Luật tổ chức VKSND 2014, Ở Viện kiểm sát nhân dân tối cao có thể được bố trí mấy ngạch Kiểm sát viên?",4,5,6,3
"Theo Luật Luật tổ chức VKSND 2014, Chủ thể nào quy định hình thức, chất liệu, màu sắc trang phục; chế độ cấp phát và sử dụng trang phục đối với các công chức khác, viên chức và người lao động khác của Viện kiểm sát nhân dân?",Viện trưởng Viện kiểm sát nhân dân tối cao,Ủy ban thường vụ Quốc hội,Chính phủ,Viện kiểm sát nhân dân tối cao
"Theo Luật Luật tổ chức VKSND 2014, Nhiệm vụ, quyền hạn của Viện kiểm sát nhân dân khi thực hành quyền công tố trong giai đoạn điều tra vụ án hình sự:","Đề ra yêu cầu điều tra và yêu cầu Cơ quan điều tra, cơ quan được giao nhiệm vụ tiến hành một số hoạt động điều tra thực hiện việc điều tra để làm rõ tội phạm, người phạm tội; yêu cầu Cơ quan điều tra truy nã bị can.","Quyết định việc gia hạn thời hạn điều tra, thời hạn tạm giam, chuyển vụ án, áp dụng thủ tục rút gọn, áp dụng biện pháp bắt buộc chữa bệnh.",Tất cả đều đúng,"Khởi tố hoặc yêu cầu Cơ quan điều tra khởi tố vụ án hình sự khi phát hiện hành vi của người có thẩm quyền trong việc giải quyết tố giác, tin báo về tội phạm, kiến nghị khởi tố và trong việc khởi tố, điều tra có dấu hiệu tội phạm"
"Theo Luật Luật tổ chức VKSND 2014, Nhiệm vụ, quyền hạn của Viện kiểm sát nhân dân khi kiểm sát việc tiếp nhận, giải quyết tố giác, tin báo về tội phạm và kiến nghị khởi tố là:","Trực tiếp kiểm sát; kiểm sát việc kiểm tra, xác minh, lập hồ sơ và kết quả giải quyết tố giác, tin báo về tội phạm và kiến nghị khởi tố của Cơ quan điều tra, cơ quan được giao nhiệm vụ tiến hành một số hoạt động điều tra. Cơ quan điều tra, cơ quan được giao nhiệm vụ tiến hành một số hoạt động điều tra có trách nhiệm thông báo đầy đủ, kịp thời kết quả xác minh, giải quyết cho Viện kiểm sát nhân dân.","Hủy bỏ quyết định tạm giữ, các quyết định tố tụng khác trái pháp luật của cơ quan có thẩm quyền trong việc giải quyết tố giác, tin báo về tội phạm và kiến nghị khởi tố.","Phê chuẩn, không phê chuẩn việc bắt người trong trường hợp khẩn cấp, gia hạn tạm giữ và các biện pháp khác hạn chế quyền con người, quyền công dân trong việc giải quyết tố giác, tin báo về tội phạm và kiến nghị khởi tố.",Tất cả đều đúng
"Theo Luật Luật tổ chức VKSND 2014, Ở Viện kiểm sát nhân dân cấp nào có thể được bố trí ngạch Kiểm sát viên Viện kiểm sát nhân dân tối cao?",Viện kiểm sát nhân dân tối cao,Viện kiểm sát quân sự quân khu và tương đương,Tất cả đều đúng\,Viện trưởng Viện kiểm sát nhân dân cấp tỉnh
"Theo Luật Luật tổ chức VKSND 2014, Nhiệm vụ, quyền hạn của Viện kiểm sát nhân dân khi thực hành quyền công tố trong giai đoạn xét xử vụ án hình sự là?","Công bố cáo trạng hoặc quyết định truy tố theo thủ tục rút gọn, quyết định khác về việc buộc tội đối với bị cáo tại phiên tòa",Tất cả đều đúng,Kiểm sát việc tuân theo pháp luật trong việc xét xử các vụ án hình sự của Tòa án,"Kiểm sát bản án, quyết định của Tòa án"
"Theo Luật Luật tổ chức VKSND 2014, Nhiệm vụ, quyền hạn của Viện kiểm sát nhân dân khi kiểm sát điều tra vụ án hình sự là?","Kiểm sát việc tuân theo pháp luật trong việc khởi tố, điều tra và lập hồ sơ vụ án của Cơ quan điều tra, cơ quan được giao nhiệm vụ tiến hành một số hoạt động điều tra.",Tất cả đều đúng,"Quyết định việc gia hạn thời hạn điều tra, thời hạn tạm giam, chuyển vụ án, áp dụng thủ tục rút gọn, áp dụng biện pháp bắt buộc chữa bệnh","Đề ra yêu cầu điều tra và yêu cầu Cơ quan điều tra, cơ quan được giao nhiệm vụ tiến hành một số hoạt động điều tra thực hiện việc điều tra để làm rõ tội phạm, người phạm tội; yêu cầu Cơ quan điều tra truy nã bị can"
"Theo Luật Luật tổ chức VKSND 2014, Ban hành thông tư, quyết định, chỉ thị, điều lệ, quy chế, chế độ công tác áp dụng đối với Viện kiểm sát nhân dân là Nhiệm vụ, quyền hạn của?",Viện trưởng Viện kiểm sát nhân dân tối cao,Viện trưởng Viện kiểm sát nhân dân cấp cao,Viện kiểm sát nhân dân tối cao,Viện trưởng Viện kiểm sát quân sự trung ương
"Theo Luật Luật tổ chức VKSND 2014, Ngạch Kiểm sát viên Viện kiểm sát nhân dân gồm có mấy ngạch:",4,3,6,5
"Theo Luật Luật tổ chức VKSND 2014, Các chức danh tư pháp trong Viện kiểm sát nhân dân là:",Phó thủ trưởng Cơ quan điều tra,Công chức,An ninh,
"Theo Luật Luật tổ chức VKSND 2014, Nhiệm vụ, quyền hạn của Viện trưởng Viện kiểm sát nhân dân tối cao là:",tất cả đều đúng,Trình Chính phủ ý kiến của mình về những trường hợp người bị kết án xin ân giảm án tử hình,Chịu trách nhiệm và báo cáo công tác trước Quốc hội,"Kiến nghị với Chủ tịch nước trong công tác đấu tranh phòng, chống tội phạm và vi phạm pháp luật"
"Theo Luật Luật tổ chức VKSND 2014, Nhiệm vụ, quyền hạn của Viện trưởng Viện kiểm sát nhân dân tối cao là:","đề nghị Ủy ban thường vụ Quốc hội giải thích Hiến pháp, luật, pháp lệnh",Trình Chính phủ ý kiến của mình về những trường hợp người bị kết án xin ân giảm án tử hình,Chịu trách nhiệm và báo cáo công tác trước Quốc hội,"Kiến nghị với Chủ tịch nước trong công tác đấu tranh phòng, chống tội phạm và vi phạm pháp luật"
"Theo Luật Luật tổ chức VKSND 2014, Nhiệm vụ, quyền hạn của Viện trưởng Viện kiểm sát nhân dân tối cao là:",Chịu trách nhiệm và báo cáo công tác trước Quốc hội,Trình Chính phủ ý kiến của mình về những trường hợp người bị kết án xin ân giảm án tử hình,"Kiến nghị với Chủ tịch nước trong công tác đấu tranh phòng, chống tội phạm và vi phạm pháp luật",Tất cả đều đúng
"Theo Luật Luật tổ chức VKSND 2014, Đâu không phải là các chức danh tư pháp trong Viện kiểm sát nhân dân:",Nhân viên,Kiểm tra viên,Phó Viện trưởng Viện kiểm sát nhân dân,Viện trưởng
"Theo Luật Luật tổ chức VKSND 2014, Đâu không phải là các chức danh tư pháp trong Viện kiểm sát nhân dân:",Nhân viên,Kiểm tra viên,Phó Viện trưởng Viện kiểm sát nhân dân,Viện trưởng
"Theo Luật Luật tổ chức VKSND 2014, Viện trưởng Viện kiểm sát nhân dân cấp cao do chủ thể nào bổ nhiệm, miễn nhiệm, cách chức?",Viện trưởng Viện kiểm sát nhân dân tối cao,Chủ tịch Quốc hội,Ủy ban thường vụ Quốc hội,Quốc hội
"Theo Luật Luật tổ chức VKSND 2014, Phó Viện trưởng Viện kiểm sát nhân dân cấp cao do chủ thể nào bổ nhiệm, miễn nhiệm, cách chức",Viện trưởng Viện kiểm sát nhân dân tối cao,Chủ tịch Quốc hội,Quốc hội,
"Theo Luật Luật tổ chức VKSND 2014, Viện trưởng Viện kiểm sát nhân dân cấp huyện do chủ thể nào bổ nhiệm, miễn nhiệm, cách chức.",Viện trưởng Viện kiểm sát nhân dân tối cao,Viện trưởng Viện kiểm sát nhân dân cấp tỉnh,Chủ tịch UBND cấp tỉnh,Viện trưởng Viện kiểm sát nhân dân cấp cao
"Theo Luật Luật tổ chức VKSND 2014, Viện trưởng Viện kiểm sát quân sự quân khu và tương đương do chủ thể nào bổ nhiệm, miễn nhiệm, cách chức?",Viện trưởng Viện kiểm sát nhân dân tối cao,Quốc hội,Viện trưởng Viện kiểm sát quân sự trung ương,Chủ tịch nước
"Theo Luật Luật tổ chức VKSND 2014, Viện trưởng Viện kiểm sát quân sự trung ương do chủ thể nào bổ nhiệm, miễn nhiệm, cách chức?",Chủ tịch nước,Viện trưởng Viện kiểm sát nhân dân tối cao,Quốc hội,Chủ tịch Quốc hội
"Theo Luật Luật tổ chức VKSND 2014, Việc thành lập, giải thể Viện kiểm sát quân sự quân khu và tương đương, Viện kiểm sát quân sự khu vực do ai quyết định?",Ủy ban thường vụ Quốc hội,Viện trưởng Viện kiểm sát nhân dân tối cao,Bộ trưởng Bộ Quốc phòng,Chính phủ
"Theo Luật Luật tổ chức VKSND 2014, Viện trưởng Viện kiểm sát nhân dân cấp tỉnh do chủ thể nào bổ nhiệm, miễn nhiệm, cách chức?",Viện trưởng Viện kiểm sát nhân dân tối cao,Chủ tịch Quốc hội,Quốc hội,Viện trưởng Viện kiểm sát nhân dân cấp cao
"Theo Luật Luật tổ chức VKSND 2014, Các ngạch Kiểm sát viên Viện kiểm sát nhân dân là:",Kiểm sát viên cao cấp,Kiểm sát viên chính,Nhân viên,Kiểm sát viên
"Theo Luật Luật tổ chức VKSND 2014, Tiêu chuẩn chung của Kiểm sát viên là",Có trình độ cử nhân luật trở lên,Có sức khỏe,Tất cả đều đúng,Đã được đào tạo về nghiệp vụ luật
"Theo Luật Luật tổ chức VKSND 2014, Phó Viện trưởng Viện kiểm sát quân sự trung ương do chủ thể nào bổ nhiệm, miễn nhiệm, cách chức?",Viện trưởng Viện kiểm sát nhân dân tối cao,Viện trưởng Viện kiểm sát quân sự trung ương,Thủ tướng Chính phủ,Chủ tịch nước
"Theo Luật Luật tổ chức VKSND 2014, Những việc Kiểm sát viên không được làm là",Tất cả đều đúng,"Lợi dụng, lạm dụng nhiệm vụ, quyền hạn; sử dụng thông tin liên quan đến công vụ để vụ lợi.","Trốn tránh trách nhiệm, thoái thác nhiệm vụ được giao; gây bè phái, mất đoàn kết; tự ý bỏ việc hoặc tham gia đình công","Phân biệt đối xử dân tộc, nam nữ, thành phần xã hội, tín ngưỡng, tôn giáo dưới mọi hình thức."
"Theo Luật Luật tổ chức VKSND 2014, Phó Viện trưởng Viện kiểm sát nhân dân cấp huyện do chủ thể nào bổ nhiệm, miễn nhiệm, cách chức",Viện trưởng Viện kiểm sát nhân dân tối cao,Chủ tịch UBND cấp tỉnh,Viện trưởng Viện kiểm sát nhân dân cấp cao,Viện trưởng Viện kiểm sát nhân dân cấp tỉnh
"Theo Luật Luật tổ chức VKSND 2014, Chủ thể nào trình Chủ tịch nước bổ nhiệm, miễn nhiệm, cách chức Phó Viện trưởng Viện kiểm sát nhân dân tối cao, Kiểm sát viên Viện kiểm sát nhân dân tối cao?",Viện trưởng Viện kiểm sát nhân dân tối cao,Chủ tịch Quốc hội,Ủy ban thường vụ Quốc hội,Quốc hội
"Theo Luật Luật tổ chức VKSND 2014, Nhiệm kỳ của Phó Viện trưởng Viện kiểm sát nhân dân cấp cao là:",không quá 05 năm,không quá 07 năm,không quá 10 năm,theo nhiệm kỳ của Quốc hội
"Theo Luật Luật tổ chức VKSND 2014, Tổ chức bộ máy của Viện kiểm sát nhân dân cấp tỉnh gồm có:",Ủy ban kiểm sát,"Các cơ sở đào tạo, bồi dưỡng",Tất cả đều đúng,Các viện và tương đương
"Theo Luật Luật tổ chức VKSND 2014, Một số Kiểm sát viên Viện kiểm sát nhân dân tối cao là Ủy ban kiểm sát Viện kiểm sát nhân dân tối cao do chủ thể nào quyết định theo đề nghị của Viện trưởng Viện kiểm sát nhân dân tối cao?",Ủy ban thường vụ Quốc hội,Chủ tịch Quốc hội,Quốc hội,Chủ tịch nước
"Theo Luật Luật tổ chức VKSND 2014, Nhiệm vụ, quyền hạn của Viện kiểm sát nhân dân khi thực hành quyền công tố trong giai đoạn điều tra vụ án hình sự:","Đề ra yêu cầu điều tra và yêu cầu Cơ quan điều tra, cơ quan được giao nhiệm vụ tiến hành một số hoạt động điều tra thực hiện việc điều tra để làm rõ tội phạm, người phạm tội; yêu cầu Cơ quan điều tra truy nã bị can.","Trực tiếp kiểm sát; kiểm sát việc kiểm tra, xác minh, lập hồ sơ và kết quả giải quyết tố giác, tin báo về tội phạm và kiến nghị khởi tố của Cơ quan điều tra, cơ quan được giao nhiệm vụ tiến hành một số hoạt động điều tra. Cơ quan điều tra, cơ quan được giao nhiệm vụ tiến hành một số hoạt động điều tra có trách nhiệm thông báo đầy đủ, kịp thời kết quả xác minh, giải quyết cho Viện kiểm sát nhân dân","Kiểm sát việc tuân theo pháp luật của Cơ quan điều tra, cơ quan được giao nhiệm vụ tiến hành một số hoạt động điều tra trong việc tiếp nhận tố giác, tin báo về tội phạm và kiến nghị khởi tố. Cơ quan điều tra, cơ quan được giao nhiệm vụ tiến hành một số hoạt động điều tra có trách nhiệm thông báo đầy đủ, kịp thời tố giác, tin báo về tội phạm và kiến nghị khởi tố đã tiếp nhận cho Viện kiểm sát nhân dân.",Tất cả đều đúng
"Theo Luật Luật tổ chức VKSND 2014, Nhiệm vụ, quyền hạn của Viện kiểm sát nhân dân khi kiểm sát việc tiếp nhận, giải quyết tố giác, tin báo về tội phạm và kiến nghị khởi tố:","Giải quyết các tranh chấp về thẩm quyền giải quyết tố giác, tin báo về tội phạm và kiến nghị khởi tố.","Hủy bỏ quyết định tạm giữ, các quyết định tố tụng khác trái pháp luật của cơ quan có thẩm quyền trong việc giải quyết tố giác, tin báo về tội phạm và kiến nghị khởi tố.","Trực tiếp giải quyết tố giác, tin báo về tội phạm và kiến nghị khởi tố trong trường hợp phát hiện có vi phạm pháp luật nghiêm trọng hoặc có dấu hiệu bỏ lọt tội phạm mà Viện kiểm sát nhân dân đã yêu cầu nhưng không được khắc phục.","Phê chuẩn, không phê chuẩn việc bắt người trong trường hợp khẩn cấp, gia hạn tạm giữ và các biện pháp khác hạn chế quyền con người, quyền công dân trong việc giải quyết tố giác, tin báo về tội phạm và kiến nghị khởi tố."
"Theo Luật Luật tổ chức VKSND 2014, Nhiệm kỳ của Viện trưởng Viện kiểm sát nhân dân tối cao:",theo nhiệm kỳ của Quốc hội,không quá 10 năm,không quá 07 năm,không quá 05 năm
"Theo Luật Luật tổ chức VKSND 2014, Ủy ban kiểm sát Viện kiểm sát nhân dân tối cao gồm có:",Viện trưởng Viện kiểm sát nhân dân tối cao,Viện trưởng Viện kiểm sát nhân dân cấp cao,Kiểm sát viên Viện kiểm sát nhân dân tối cao,Tất cả đều đúng
"Theo Luật Luật tổ chức VKSND 2014, Viện kiểm sát nhân dân tối cao có","Viện trưởng, các Phó Viện trưởng Viện kiểm sát nhân dân tối cao, Kiểm sát viên, Kiểm tra viên; Thủ trưởng, các Phó thủ trưởng Cơ quan điều tra, Điều tra viên; công chức khác, viên chức và người lao động khác","Viện trưởng, các Phó Viện trưởng Viện kiểm sát nhân dân tối cao, Kiểm tra viên; Thủ trưởng, các Phó thủ trưởng Cơ quan điều tra, công chức khác, viên chức và người lao động khác","Viện trưởng, các Phó Viện trưởng Viện kiểm sát nhân dân tối cao, Kiểm sát viên, Kiểm tra viên; công chức khác, viên chức và người lao động khác","Viện trưởng, các Phó Viện trưởng Viện kiểm sát nhân dân tối cao, Thủ trưởng, các Phó thủ trưởng Cơ quan điều tra, Điều tra viên; công chức khác, viên chức và người lao động khác"
"Theo Luật Luật tổ chức VKSND 2014, Việc thành lập, giải thể Viện kiểm sát nhân dân cấp cao, Viện kiểm sát nhân dân cấp tỉnh, Viện kiểm sát nhân dân cấp huyện do chủ thể nào quyết định",Ủy ban thường vụ Quốc hội,Chủ tịch nước,Quốc hội,Chủ tịch Quốc hội
"Theo Luật Luật tổ chức VKSND 2014, Nhiệm vụ, quyền hạn của Viện kiểm sát nhân dân khi thực hành quyền công tố trong giai đoạn điều tra vụ án hình sự:","Đề ra yêu cầu điều tra và yêu cầu Cơ quan điều tra, cơ quan được giao nhiệm vụ tiến hành một số hoạt động điều tra thực hiện việc điều tra để làm rõ tội phạm, người phạm tội; yêu cầu Cơ quan điều tra truy nã bị can.","Quyết định áp dụng, thay đổi, hủy bỏ biện pháp bắt, tạm giữ, tạm giam, các biện pháp ngăn chặn và các biện pháp khác hạn chế quyền con người, quyền công dân theo quy định của luật.","Yêu cầu Cơ quan điều tra, cơ quan được giao nhiệm vụ tiến hành một số hoạt động điều tra khởi tố hoặc thay đổi, bổ sung quyết định khởi tố vụ án, khởi tố bị can.",Tất cả đều đúng
"Theo Luật Luật tổ chức VKSND 2014, Ủy ban kiểm sát Viện kiểm sát nhân dân cấp cao gồm có:",Các Phó Viện trưởng Viện kiểm sát nhân dân cấp cao,Các Kiểm sát viên,Một số Điều tra viên,Tất cả đều đúng
"Theo Luật Luật tổ chức VKSND 2014, Hệ thống Viện kiểm sát nhân dân gồm:",Viện kiểm sát nhân dân cấp cao,"Viện kiểm sát nhân dân huyện, quận, thị xã, thôn thành phố thuộc tỉnh và tương đương",Viện kiểm sát nhân dân,Viện kiểm sát nhân dân quân sự
"Theo Luật Luật tổ chức VKSND 2014, Chủ thể nào Đề nghị Hội đồng tuyển chọn Kiểm sát viên Viện kiểm sát nhân dân tối cao tuyển chọn, xem xét việc miễn nhiệm, cách chức Kiểm sát viên Viện kiểm sát nhân dân tối cao?",Ủy ban kiểm sát Viện kiểm sát nhân dân tối cao,Viện trưởng Viện kiểm sát nhân dân cấp cao,Viện kiểm sát nhân dân tối cao,Viện trưởng Viện kiểm sát nhân dân tối ca
"Theo Luật Luật tổ chức VKSND 2014, Nhiệm kỳ của Phó Viện trưởng Viện kiểm sát nhân dân tối cao là:",không quá 05 năm,không quá 10 năm,theo nhiệm kỳ của Quốc hội,không quá 07 năm
"Theo Luật Luật tổ chức VKSND 2014, Tổ chức bộ máy của Viện kiểm sát nhân dân cấp cao không gồm có:","Các cơ sở đào tạo, bồi dưỡng, các cơ quan báo chí",Ủy ban kiểm sát,Văn phòng,Các viện và tương đương
"Theo Luật Luật tổ chức VKSND 2014, Nhiệm vụ, quyền hạn của Viện kiểm sát nhân dân khi thực hành quyền công tố trong việc giải quyết tố giác, tin báo về tội phạm và kiến nghị khởi tố là","Trực tiếp giải quyết tố giác, tin báo về tội phạm và kiến nghị khởi tố trong trường hợp phát hiện có vi phạm pháp luật nghiêm trọng hoặc có dấu hiệu bỏ lọt tội phạm mà Viện kiểm sát nhân dân đã yêu cầu nhưng không được khắc phục.",Tất cả đều đúng,"Tiếp nhận đầy đủ tố giác, tin báo về tội phạm và kiến nghị khởi tố do các cơ quan, tổ chức, cá nhân chuyển đến và chuyển ngay cho Cơ quan điều tra có thẩm quyền giải quyết","Kiểm sát việc tuân theo pháp luật của Cơ quan điều tra, cơ quan được giao nhiệm vụ tiến hành một số hoạt động điều tra trong việc tiếp nhận tố giác, tin báo về tội phạm và kiến nghị khởi tố. Cơ quan điều tra, cơ quan được giao nhiệm vụ tiến hành một số hoạt động điều tra có trách nhiệm thông báo đầy đủ, kịp thời tố giác, tin báo về tội phạm và kiến nghị khởi tố đã tiếp nhận cho Viện kiểm sát nhân dân."
"Theo Luật Luật tổ chức VKSND 2014, Nhiệm vụ, quyền hạn của Viện kiểm sát nhân dân khi thực hành quyền công tố trong việc giải quyết tố giác, tin báo về tội phạm và kiến nghị khởi tố là","Phê chuẩn, không phê chuẩn việc bắt người trong trường hợp khẩn cấp, gia hạn tạm giữ và các biện pháp khác hạn chế quyền con người, quyền công dân trong việc giải quyết tố giác, tin báo về tội phạm và kiến nghị khởi tố",Tất cả đều đúng,"Trực tiếp giải quyết tố giác, tin báo về tội phạm và kiến nghị khởi tố trong trường hợp phát hiện có vi phạm pháp luật nghiêm trọng hoặc có dấu hiệu bỏ lọt tội phạm mà Viện kiểm sát nhân dân đã yêu cầu nhưng không được khắc phục.","Tiếp nhận đầy đủ tố giác, tin báo về tội phạm và kiến nghị khởi tố do các cơ quan, tổ chức, cá nhân chuyển đến và chuyển ngay cho Cơ quan điều tra có thẩm quyền giải quyết"
"Theo Luật Luật tổ chức VKSND 2014, Đâu không phải là các chức danh tư pháp trong Viện kiểm sát nhân dân:",Nhân viên,Kiểm sát viên,Điều tra viên,Phó Viện trưởng Viện kiểm sát nhân dân
"Theo Luật Luật tổ chức VKSND 2014, Đâu không phải là các chức danh tư pháp trong Viện kiểm sát nhân dân:",Nhân viên,Kiểm sát viên,Điều tra viên,Phó Viện trưởng Viện kiểm sát nhân dân
"Theo Luật Luật tổ chức VKSND 2014, Tổ chức bộ máy của Viện kiểm sát nhân dân tối cao gồm có:",Viện kiểm sát quân sự trung ươn,Cơ quan an ninh điều tra,Ủy ban kiểm tra giám sát,Viện kiểm sát quân sự trung ương
"Theo Luật Luật tổ chức VKSND 2014, Viện trưởng Viện kiểm sát nhân dân tối cao do chủ thể nào bầu, miễn nhiệm, bãi nhiệm?",Quốc hội,Chủ tịch Quốc hội,Chủ tịch nước,Ủy ban thường vụ Quốc hội
"Theo Luật Luật tổ chức VKSND 2014, Lời tuyên thệ của Người được bổ nhiệm vào các ngạch Kiểm sát viên là:","Tuyệt đối trung thành với Tổ quốc, tận tụy phục vụ nhân dân",Thực hiện bình đẳng giới,Đấu tranh không khoan nhượng với mọi tội phạm và vi phạm pháp luật,Tất cả đều đúng
"Theo Luật Luật tổ chức VKSND 2014, Lời tuyên thệ của Người được bổ nhiệm vào các ngạch Kiểm sát viên là:",Đấu tranh không khoan nhượng với mọi tội phạm và vi phạm pháp luật,Thực hiện bình đẳng giới,Tất cả đều đúng,"Thực hiện nguyên tắc tập trung dân chủ, chế độ trách nhiệm cá nhân và phân công, phân cấp rõ ràng"
"Theo Luật Luật tổ chức VKSND 2014, Viện kiểm sát nhân dân thực hiện chức năng thực hành quyền công tố bằng các công tác sau đây","Thực hành quyền công tố trong giai đoạn khởi tố, điều tra vụ án hình sự","Kiểm sát việc khởi tố, điều tra vụ án hình sự",Kiểm sát việc xét xử vụ án hình sự,Tất cả đều đúng
"Theo Luật Luật tổ chức VKSND 2014, Chọn đáp án đúng: Viện kiểm sát cấp trên có trách nhiệm …………..nghiêm minh vi phạm pháp luật của Viện kiểm sát cấp dưới","Kiểm tra, xử lý","kiểm tra, giám sát","Thanh tra, kiểm tra, xử lý",kiểm tra
"Theo Luật Luật tổ chức VKSND 2014, Viện kiểm sát nhân dân thực hành quyền công tố nhằm bảo đảm:","Mọi hành vi phạm tội, người phạm tội phải được phát hiện, khởi tố, điều tra, truy tố, xét xử kịp thời, nghiêm minh, đúng người, đúng tội, đúng pháp luật, không làm oan người vô tội, không để lọt tội phạm và người phạm tội",tất cả đều đúng,"việc thi hành án; việc giải quyết khiếu nại, tố cáo trong hoạt động tư pháp; các hoạt động tư pháp khác được thực hiện đúng quy định của pháp luật","Việc bắt, tạm giữ, tạm giam, thi hành án phạt tù, chế độ tạm giữ, tạm giam, quản lý và giáo dục người chấp hành án phạt tù theo đúng quy định của pháp luật; quyền con người và các quyền, lợi ích hợp pháp khác của người bị bắt, tạm giữ, tạm giam, người chấp hành án phạt tù không bị luật hạn chế phải được tôn trọng và bảo vệ"
"Theo Luật Luật tổ chức VKSND 2014, Viện kiểm sát nhân dân thực hành quyền công tố nhằm bảo đảm:","Không để người nào bị khởi tố, bị bắt, tạm giữ, tạm giam, bị hạn chế quyền con người, quyền công dân trái luật",tất cả đều đúng,"việc thi hành án; việc giải quyết khiếu nại, tố cáo trong hoạt động tư pháp; các hoạt động tư pháp khác được thực hiện đúng quy định của pháp luật","Việc bắt, tạm giữ, tạm giam, thi hành án phạt tù, chế độ tạm giữ, tạm giam, quản lý và giáo dục người chấp hành án phạt tù theo đúng quy định của pháp luật; quyền con người và các quyền, lợi ích hợp pháp khác của người bị bắt, tạm giữ, tạm giam, người chấp hành án phạt tù không bị luật hạn chế phải được tôn trọng và bảo vệ"
"Theo Luật Luật tổ chức VKSND 2014, Chủ thể nào có quyền rút, đình chỉ, hủy bỏ quyết định trái pháp luật của Viện trưởng Viện kiểm sát cấp dưới?",Viện trưởng Viện kiểm sát cấp trên,Quốc hội,Chính phủ,Viện kiểm sát cấp trên
"Theo Luật Luật tổ chức VKSND 2014, Khi thực hiện chức năng kiểm sát hoạt động tư pháp, Viện kiểm sát nhân dân có nhiệm vụ, quyền hạn sau đây:",tất cả đều đúng,"Kháng nghị bản án, quyết định của Tòa án có vi phạm pháp luật; kiến nghị hành vi, quyết định của Tòa án có vi phạm pháp luật; kháng nghị hành vi, quyết định có vi phạm pháp luật của cơ quan, người có thẩm quyền khác trong hoạt động tư pháp","Yêu cầu cơ quan, tổ chức, cá nhân thực hiện hoạt động tư pháp theo đúng quy định của pháp luật; tự kiểm tra việc tiến hành hoạt động tư pháp thuộc thẩm quyền và thông báo kết quả cho Viện kiểm sát nhân dân; cung cấp hồ sơ, tài liệu để Viện kiểm sát nhân dân kiểm sát tính hợp pháp của các hành vi, quyết định trong hoạt động tư pháp","Kiểm sát việc giải quyết khiếu nại, tố cáo trong hoạt động tư pháp; giải quyết khiếu nại, tố cáo thuộc thẩm quyền"
"Theo Luật Luật tổ chức VKSND 2014, Khi thực hiện chức năng kiểm sát hoạt động tư pháp, Viện kiểm sát nhân dân có nhiệm vụ, quyền hạn sau đây:","Trực tiếp kiểm sát; xác minh, thu thập tài liệu để làm rõ vi phạm pháp luật của cơ quan, tổ chức, cá nhân trong hoạt động tư pháp",tất cả đều đúng,"Kháng nghị bản án, quyết định của Tòa án có vi phạm pháp luật; kiến nghị hành vi, quyết định của Tòa án có vi phạm pháp luật; kháng nghị hành vi, quyết định có vi phạm pháp luật của cơ quan, người có thẩm quyền khác trong hoạt động tư pháp","Yêu cầu cơ quan, tổ chức, cá nhân thực hiện hoạt động tư pháp theo đúng quy định của pháp luật; tự kiểm tra việc tiến hành hoạt động tư pháp thuộc thẩm quyền và thông báo kết quả cho Viện kiểm sát nhân dân; cung cấp hồ sơ, tài liệu để Viện kiểm sát nhân dân kiểm sát tính hợp pháp của các hành vi, quyết định trong hoạt động tư pháp"
"Theo Luật Luật tổ chức VKSND 2014, Chủ thể nào dự án luật, pháp lệnh trình Quốc hội, Ủy ban thường vụ Quốc hội?",Ủy ban kiểm sát Viện kiểm sát nhân dân tối cao,Viện trưởng Viện kiểm sát nhân dân cấp cao,Viện kiểm sát nhân dân tối cao,Viện trưởng Viện kiểm sát nhân dân tối cao
"Theo Luật Luật tổ chức VKSND 2014, Thực hành quyền công tố là:","hoạt động của Viện kiểm sát nhân dân trong tố tụng hình sự để thực hiện việc buộc tội của Nhà nước đối với người phạm tội, được thực hiện ngay từ khi giải quyết tố giác, tin báo về tội phạm, kiến nghị khởi tố và trong suốt quá trình khởi tố, điều tra, truy tố, xét xử vụ án hình sự","Yêu cầu cơ quan, tổ chức, cá nhân thực hiện hoạt động tư pháp theo đúng quy định của pháp luật; tự kiểm tra việc tiến hành hoạt động tư pháp thuộc thẩm quyền và thông báo kết quả cho Viện kiểm sát nhân dân; cung cấp hồ sơ, tài liệu để Viện kiểm sát nhân dân kiểm sát tính hợp pháp của các hành vi, quyết định trong hoạt động tư pháp","hoạt động của Viện kiểm sát nhân dân để kiểm sát tính hợp pháp của các hành vi, quyết định của cơ quan, tổ chức, cá nhân trong hoạt động tư pháp, được thực hiện ngay từ khi tiếp nhận và giải quyết tố giác, tin báo về tội phạm, kiến nghị khởi tố và trong suốt quá trình giải quyết vụ án hình sự; trong việc giải quyết vụ án hành chính, vụ việc dân sự, hôn nhân và gia đình, kinh doanh, thương mại, lao động; việc thi hành án, việc giải quyết khiếu nại, tố cáo trong hoạt động tư pháp; các hoạt động tư pháp khác theo quy định của pháp luật","Việc tiếp nhận, giải quyết tố giác, tin báo về tội phạm và kiến nghị khởi tố; việc giải quyết vụ án hình sự, vụ án hành chính, vụ việc dân sự, hôn nhân và gia đình, kinh doanh, thương mại, lao động; việc thi hành án; việc giải quyết khiếu nại, tố cáo trong hoạt động tư pháp; các hoạt động tư pháp khác được thực hiện đúng quy định của pháp luật"
"Theo Luật Luật tổ chức VKSND 2014, Viện kiểm sát nhân dân thực hành quyền công tố nhằm bảo đảm:","Mọi hành vi phạm tội, người phạm tội phải được phát hiện, khởi tố, điều tra, truy tố, xét xử kịp thời, nghiêm minh, đúng người, đúng tội, đúng pháp luật, không làm oan người vô tội, không để lọt tội phạm và người phạm tội","Việc bắt, tạm giữ, tạm giam, thi hành án phạt tù, chế độ tạm giữ, tạm giam, quản lý và giáo dục người chấp hành án phạt tù theo đúng quy định của pháp luật",tất cả đều đúng,"Bản án, quyết định của Tòa án đã có hiệu lực pháp luật phải được thi hành nghiêm chỉnh"
"Theo Luật Luật tổ chức VKSND 2014, Viện kiểm sát nhân dân thực hành quyền công tố nhằm bảo đảm:","Không để người nào bị khởi tố, bị bắt, tạm giữ, tạm giam, bị hạn chế quyền con người, quyền công dân trái luật","Việc bắt, tạm giữ, tạm giam, thi hành án phạt tù, chế độ tạm giữ, tạm giam, quản lý và giáo dục người chấp hành án phạt tù theo đúng quy định của pháp luật",tất cả đều đúng,"Bản án, quyết định của Tòa án đã có hiệu lực pháp luật phải được thi hành nghiêm chỉnh"
"Theo Luật Luật tổ chức VKSND 2014, Nhiệm vụ, quyền hạn của Viện kiểm sát nhân dân khi thực hành quyền công tố trong việc giải quyết tố giác, tin báo về tội phạm và kiến nghị khởi tố là","Trực tiếp giải quyết tố giác, tin báo về tội phạm và kiến nghị khởi tố trong trường hợp phát hiện có vi phạm pháp luật nghiêm trọng hoặc có dấu hiệu bỏ lọt tội phạm mà Viện kiểm sát nhân dân đã yêu cầu nhưng không được khắc phục.","Tiếp nhận, kiểm tra, xác minh, ra quyết định giải quyết tố giác, tin báo về tội phạm và kiến nghị khởi tố đầy đủ, đúng pháp luật;","Trực tiếp kiểm sát; kiểm sát việc kiểm tra, xác minh, lập hồ sơ và kết quả giải quyết tố giác, tin báo về tội phạm và kiến nghị khởi tố của Cơ quan điều tra, cơ quan được giao nhiệm vụ tiến hành một số hoạt động điều tra. Cơ quan điều tra, cơ quan được giao nhiệm vụ tiến hành một số hoạt động điều tra có trách nhiệm thông báo đầy đủ, kịp thời kết quả xác minh, giải quyết cho Viện kiểm sát nhân dân.","Phê chuẩn, không phê chuẩn việc bắt người trong trường hợp khẩn cấp, gia hạn tạm giữ và các biện pháp khác hạn chế quyền con người, quyền công dân trong việc giải quyết tố giác, tin báo về tội phạm và kiến nghị khởi tố"
"Theo Luật Luật tổ chức VKSND 2014, Nhiệm vụ, quyền hạn của Viện kiểm sát nhân dân khi thực hành quyền công tố trong việc giải quyết tố giác, tin báo về tội phạm và kiến nghị khởi tố là","Phê chuẩn, không phê chuẩn việc bắt người trong trường hợp khẩn cấp, gia hạn tạm giữ và các biện pháp khác hạn chế quyền con người, quyền công dân trong việc giải quyết tố giác, tin báo về tội phạm và kiến nghị khởi tố","Tiếp nhận, kiểm tra, xác minh, ra quyết định giải quyết tố giác, tin báo về tội phạm và kiến nghị khởi tố đầy đủ, đúng pháp luật;","Trực tiếp kiểm sát; kiểm sát việc kiểm tra, xác minh, lập hồ sơ và kết quả giải quyết tố giác, tin báo về tội phạm và kiến nghị khởi tố của Cơ quan điều tra, cơ quan được giao nhiệm vụ tiến hành một số hoạt động điều tra. Cơ quan điều tra, cơ quan được giao nhiệm vụ tiến hành một số hoạt động điều tra có trách nhiệm thông báo đầy đủ, kịp thời kết quả xác minh, giải quyết cho Viện kiểm sát nhân dân.","Tiếp nhận đầy đủ tố giác, tin báo về tội phạm và kiến nghị khởi tố do các cơ quan, tổ chức, cá nhân chuyển đến và chuyển ngay cho Cơ quan điều tra có thẩm quyền giải quyết"
"Theo Luật Luật tổ chức VKSND 2014, Chức năng, nhiệm vụ của Viện kiểm sát nhân dân là","là cơ quan thực hành quyền công tố, kiểm sát hoạt động tư pháp của nước Cộng hòa xã hội chủ nghĩa Việt Nam",tất cả đều đúng,"bảo vệ lợi ích của Nhà nước, quyền và lợi ích của tổ chức, cá nhân",bảo vệ nhân dân Việt Nam
"Theo Luật Luật tổ chức VKSND 2014, Việc thành lập, giải thể Viện kiểm sát nhân dân cấp cao, Viện kiểm sát nhân dân cấp tỉnh, Viện kiểm sát nhân dân cấp huyện do chủ thể nào quyết định?",Ủy ban thường vụ Quốc hội,Chủ tịch nước,Quốc hội,Viện trưởng Viện kiểm sát nhân dân tối cao
"Theo Luật Luật tổ chức VKSND 2014, Ngày truyền thống của Viện kiểm sát nhân dân là ngày nào?",Ngày 26 tháng 7,Ngày 26 tháng 8,Ngày 27 tháng 8,Ngày 24 tháng 7
"Theo Luật Luật tổ chức VKSND 2014, Viện kiểm sát nhân dân thực hiện chức năng thực hành quyền công tố bằng các công tác sau đây:",Điều tra một số loại tội phạm,xây dựng pháp luật,"phổ biến, giáo dục pháp luật",Thống kê tội phạm
"Theo Luật Luật tổ chức VKSND 2014, Nguyên tắc tổ chức và hoạt động của Viện kiểm sát nhân dân:",Viện trưởng các Viện kiểm sát cấp dưới chịu sự ……………của Viện trưởng Viện kiểm sát nhân dân tối cao,Viện kiểm sát nhân dân do Chủ tich nước lãnh đạo,Viện kiểm sát nhân dân do Thủ tướng Chính phu lãnh đạo,Viện kiểm sát nhân dân do Viện trưởng lãnh đạo
"Theo Luật Luật tổ chức VKSND 2014, Nguyên tắc tổ chức và hoạt động của Viện kiểm sát nhân dân:",Viện kiểm sát nhân dân do Viện trưởng lãnh đạo,Viện kiểm sát nhân dân do Chủ tich nước lãnh đạo,Viện kiểm sát nhân dân do Thủ tướng Chính phu lãnh đạo,Viện kiểm sát nhân dân do Chủ tịch Quốc hội lãnh đạo
"Theo Luật Luật tổ chức VKSND 2014, Kiểm sát hoạt động tư pháp là:","hoạt động của Viện kiểm sát nhân dân để kiểm sát tính hợp pháp của các hành vi, quyết định của cơ quan, tổ chức, cá nhân trong hoạt động tư pháp, được thực hiện ngay từ khi tiếp nhận và giải quyết tố giác, tin báo về tội phạm, kiến nghị khởi tố và trong suốt quá trình giải quyết vụ án hình sự; trong việc giải quyết vụ án hành chính, vụ việc dân sự, hôn nhân và gia đình, kinh doanh, thương mại, lao động; việc thi hành án, việc giải quyết khiếu nại, tố cáo trong hoạt động tư pháp; các hoạt động tư pháp khác theo quy định của pháp luật","hoạt động của Viện kiểm sát nhân dân trong tố tụng hình sự để thực hiện việc buộc tội của Nhà nước đối với người phạm tội, được thực hiện ngay từ khi giải quyết tố giác, tin báo về tội phạm, kiến nghị khởi tố và trong suốt quá trình khởi tố, điều tra, truy tố, xét xử vụ án hình sự","Việc tiếp nhận, giải quyết tố giác, tin báo về tội phạm và kiến nghị khởi tố; việc giải quyết vụ án hình sự, vụ án hành chính, vụ việc dân sự, hôn nhân và gia đình, kinh doanh, thương mại, lao động; việc thi hành án; việc giải quyết khiếu nại, tố cáo trong hoạt động tư pháp; các hoạt động tư pháp khác được thực hiện đúng quy định của pháp luật",Tất cả đều sai
"Theo Luật Luật tổ chức VKSND 2014, Khi thực hiện chức năng thực hành quyền công tố, Viện kiểm sát nhân dân có nhiệm vụ, quyền hạn sau đây:","Quyết định, phê chuẩn việc áp dụng, thay đổi, hủy bỏ các biện pháp hạn chế quyền con người, quyền công dân trong việc giải quyết tố giác, tin báo về tội phạm, kiến nghị khởi tố và trong việc khởi tố, điều tra, truy tố theo quy định của Bộ luật tố tụng hình sự","Yêu cầu cơ quan, tổ chức, cá nhân thực hiện hoạt động tư pháp theo đúng quy định của pháp luật; tự kiểm tra việc tiến hành hoạt động tư pháp thuộc thẩm quyền và thông báo kết quả cho Viện kiểm sát nhân dân; cung cấp hồ sơ, tài liệu để Viện kiểm sát nhân dân kiểm sát tính hợp pháp của các hành vi, quyết định trong hoạt động tư pháp","Kháng nghị bản án, quyết định của Tòa án có vi phạm pháp luật; kiến nghị hành vi, quyết định của Tòa án có vi phạm pháp luật; kháng nghị hành vi, quyết định có vi phạm pháp luật của cơ quan, người có thẩm quyền khác trong hoạt động tư pháp","Xử lý vi phạm; yêu cầu, kiến nghị cơ quan, tổ chức, cá nhân có thẩm quyền khắc phục, xử lý nghiêm minh vi phạm pháp luật trong hoạt động tư pháp; kiến nghị cơ quan, tổ chức hữu quan áp dụng các biện pháp phòng ngừa vi phạm pháp luật và tội phạm"
"Theo Luật Luật tổ chức VKSND 2014, Khi thực hiện chức năng kiểm sát hoạt động tư pháp, Viện kiểm sát nhân dân có nhiệm vụ, quyền hạn sau đây:",tất cả đều đúng,"Hủy bỏ các quyết định tố tụng trái pháp luật khác trong việc giải quyết tố giác, tin báo về tội phạm, kiến nghị khởi tố và trong việc khởi tố, điều tra của Cơ quan điều tra, cơ quan được giao nhiệm vụ tiến hành một số hoạt động điều tra","Trực tiếp kiểm sát; xác minh, thu thập tài liệu để làm rõ vi phạm pháp luật của cơ quan, tổ chức, cá nhân trong hoạt động tư pháp","Quyết định, phê chuẩn việc áp dụng, thay đổi, hủy bỏ các biện pháp hạn chế quyền con người, quyền công dân trong việc giải quyết tố giác, tin báo về tội phạm, kiến nghị khởi tố và trong việc khởi tố, điều tra, truy tố theo quy định của Bộ luật tố tụng hình sự"
"Theo Luật Luật tổ chức VKSND 2014, Khi thực hiện chức năng kiểm sát hoạt động tư pháp, Viện kiểm sát nhân dân có nhiệm vụ, quyền hạn sau đây:","Trực tiếp kiểm sát; xác minh, thu thập tài liệu để làm rõ vi phạm pháp luật của cơ quan, tổ chức, cá nhân trong hoạt động tư pháp","Hủy bỏ các quyết định tố tụng trái pháp luật khác trong việc giải quyết tố giác, tin báo về tội phạm, kiến nghị khởi tố và trong việc khởi tố, điều tra của Cơ quan điều tra, cơ quan được giao nhiệm vụ tiến hành một số hoạt động điều tra","Quyết định, phê chuẩn việc áp dụng, thay đổi, hủy bỏ các biện pháp hạn chế quyền con người, quyền công dân trong việc giải quyết tố giác, tin báo về tội phạm, kiến nghị khởi tố và trong việc khởi tố, điều tra, truy tố theo quy định của Bộ luật tố tụng hình sự","Khi cần thiết đề ra yêu cầu điều tra và yêu cầu Cơ quan điều tra, cơ quan được giao nhiệm vụ tiến hành một số hoạt động điều tra thực hiện"
